{
  "color1": 209.4238171506688,
  "color2": 340.03894327344136,
  "slider1": 54,
  "slider2": 0,
  "slider3": 100,
  "slider4": 9,
  "button1": 0,
  "button2": 2,
  "button3": 1,
  "button4": 0,
  "button5": 2,
  "numpad": "",
  "error": "Failed to read variables"
}