{
  "color1": 253.71122596994053,
  "color2": 170.82646455771805,
  "slider1": 74,
  "slider2": 70,
  "slider3": 63,
  "slider4": 24,
  "button1": 2,
  "button2": 0,
  "button3": 0,
  "button4": 1,
  "button5": 1,
  "numpad": "",
  "error": "Failed to read variables"
}